Entry Time,Entry Price,Exit Time,Exit Price,Investment ($),Exit Value ($),Entry Fees ($),Exit Fees ($),PnL ($),Return (%),Exit Type
2023-02-10 06:38:00,21830.9,2023-02-15 20:32:00,23979.0,10000.0,10820.44,74.44,81.77,820.44,8.2,Signal Exit
2023-02-15 21:12:00,24008.0,2023-02-15 21:15:00,24050.2,10820.44,10678.08,80.55,80.69,-142.36,-1.32,Signal Exit
2023-02-15 21:50:00,24060.8,2023-02-15 21:52:00,24124.8,10678.08,10547.08,79.49,79.7,-131.0,-1.23,Signal Exit
2023-02-16 23:47:00,23620.0,2023-02-16 23:49:00,23646.3,10547.08,10401.62,78.51,78.6,-145.46,-1.38,Signal Exit
2023-02-16 23:50:00,23591.3,2023-02-17 00:07:00,23544.1,10401.62,10226.25,77.43,77.28,-175.36,-1.69,Signal Exit
2023-02-17 00:08:00,23553.7,2023-02-17 00:09:00,23615.3,10226.25,10100.35,76.13,76.33,-125.9,-1.23,Signal Exit
2023-03-08 09:21:00,21958.0,2023-03-09 18:33:00,20964.2,10100.35,9499.64,75.19,71.79,-600.7,-5.95,Stop-Loss
2023-03-09 18:34:00,20989.9,2023-03-09 20:59:00,20086.7,9499.64,8955.52,70.72,67.67,-544.12,-5.73,Stop-Loss
2023-03-09 21:00:00,20171.2,2023-03-14 13:02:00,26384.7,8955.52,11539.76,66.67,87.2,2584.24,28.86,Signal Exit
2023-03-14 13:06:00,26302.5,2023-03-14 18:50:00,25134.4,11539.76,10863.1,85.9,82.09,-676.66,-5.86,Stop-Loss
2023-03-14 18:51:00,24973.1,2023-03-17 19:04:00,26651.4,10863.1,11420.55,80.87,86.3,557.44,5.13,Signal Exit
2023-03-17 20:43:00,26621.7,2023-03-17 20:44:00,26676.9,11420.55,11273.84,85.02,85.19,-146.7,-1.28,Signal Exit
2023-03-18 14:43:00,27489.6,2023-03-18 17:02:00,27444.8,11273.84,11087.9,83.92,83.79,-185.95,-1.65,Signal Exit
2023-03-18 17:03:00,27403.3,2023-03-18 18:16:00,27318.8,11087.9,10889.13,82.54,82.29,-198.76,-1.79,Signal Exit
2023-03-18 18:17:00,27300.3,2023-03-18 18:20:00,27339.8,10889.13,10742.53,81.06,81.18,-146.6,-1.35,Signal Exit
2023-03-18 19:16:00,27294.9,2023-03-18 19:39:00,27439.2,10742.53,10638.54,79.97,80.39,-103.99,-0.97,Signal Exit
2023-03-18 19:46:00,27388.0,2023-03-18 19:47:00,27403.5,10638.54,10486.08,79.2,79.24,-152.46,-1.43,Signal Exit
2023-03-18 19:59:00,27341.1,2023-03-18 20:48:00,27417.2,10486.08,10358.71,78.06,78.28,-127.37,-1.21,Signal Exit
2023-03-18 21:03:00,27358.2,2023-03-18 21:09:00,27332.2,10358.71,10194.79,77.11,77.04,-163.92,-1.58,Signal Exit
2023-03-18 21:10:00,27327.1,2023-03-18 21:11:00,27342.7,10194.79,10048.74,75.89,75.94,-146.05,-1.43,Signal Exit
2023-03-18 21:12:00,27317.6,2023-03-18 21:14:00,27325.9,10048.74,9902.14,74.8,74.83,-146.6,-1.46,Signal Exit
2023-03-18 21:16:00,27308.5,2023-03-18 21:18:00,27349.1,9902.14,9769.22,73.71,73.82,-132.92,-1.34,Signal Exit
2023-03-18 21:23:00,27311.0,2023-03-18 21:40:00,27314.2,9769.22,9624.9,72.72,72.73,-144.32,-1.48,Signal Exit
2023-03-18 21:42:00,27306.8,2023-03-19 11:15:00,27049.3,9624.9,9392.19,71.65,70.97,-232.71,-2.42,Signal Exit
2023-03-19 11:50:00,27145.4,2023-03-19 11:56:00,27177.5,9392.19,9263.29,69.92,70.0,-128.89,-1.37,Signal Exit
2023-03-19 11:59:00,27170.8,2023-03-19 12:00:00,27191.3,9263.29,9132.26,68.96,69.01,-131.03,-1.41,Signal Exit
2023-03-19 13:43:00,27173.9,2023-03-19 14:08:00,27257.4,9132.26,9023.94,67.98,68.19,-108.32,-1.19,Signal Exit
2023-03-24 17:51:00,27513.0,2023-03-24 17:52:00,27555.1,9023.94,8903.19,67.18,67.28,-120.75,-1.34,Signal Exit
2023-03-24 17:56:00,27544.0,2023-03-24 17:57:00,27565.6,8903.19,8777.52,66.28,66.33,-125.68,-1.41,Signal Exit
2023-03-24 20:45:00,27532.1,2023-03-24 20:46:00,27562.4,8777.52,8656.35,65.34,65.41,-121.17,-1.38,Signal Exit
2023-03-24 20:47:00,27544.5,2023-03-24 20:48:00,27569.7,8656.35,8535.27,64.44,64.5,-121.08,-1.4,Signal Exit
2023-03-24 20:49:00,27559.5,2023-03-24 20:50:00,27569.6,8535.27,8411.28,63.54,63.56,-123.99,-1.45,Signal Exit
2023-03-24 20:54:00,27613.0,2023-03-25 00:33:00,27535.4,8411.28,8262.76,62.61,62.44,-148.52,-1.77,Signal Exit
2023-03-25 00:37:00,27528.6,2023-03-25 11:54:00,27438.1,8262.76,8112.99,61.51,61.31,-149.78,-1.81,Signal Exit
2023-03-25 11:55:00,27446.4,2023-03-25 13:30:00,27416.4,8112.99,7983.46,60.39,60.33,-129.52,-1.6,Signal Exit
2023-03-25 19:30:00,27172.4,2023-03-25 19:31:00,27213.1,7983.46,7876.38,59.43,59.52,-107.08,-1.34,Signal Exit
2023-03-25 19:38:00,27239.6,2023-03-25 19:39:00,27236.9,7876.38,7758.35,58.63,58.63,-118.04,-1.5,Signal Exit
2023-03-25 19:40:00,27242.7,2023-03-25 19:44:00,27275.3,7758.35,7651.98,57.75,57.82,-106.36,-1.37,Signal Exit
2023-03-25 19:48:00,27210.8,2023-03-25 20:24:00,27289.9,7651.98,7559.97,56.96,57.13,-92.01,-1.2,Signal Exit
2023-03-25 22:53:00,27430.3,2023-03-25 22:54:00,27430.3,7559.97,7447.41,56.28,56.28,-112.56,-1.49,Signal Exit
2023-03-25 22:56:00,27421.0,2023-03-25 23:07:00,27412.9,7447.41,7334.37,55.44,55.42,-113.05,-1.52,Signal Exit
2023-03-25 23:12:00,27420.4,2023-03-25 23:13:00,27423.6,7334.37,7226.01,54.6,54.6,-108.35,-1.48,Signal Exit
2023-03-26 20:50:00,27699.1,2023-03-26 20:51:00,27709.5,7226.01,7121.1,53.79,53.81,-104.91,-1.45,Signal Exit
2023-03-27 14:19:00,27400.9,2023-03-28 18:28:00,26872.4,7121.1,6879.78,53.01,51.99,-241.33,-3.39,Signal Exit
2023-03-28 18:35:00,26850.9,2023-03-28 18:36:00,26886.4,6879.78,6786.31,51.21,51.28,-93.47,-1.36,Signal Exit
2023-03-29 00:22:00,27269.2,2023-03-29 04:22:00,27402.7,6786.31,6718.0,50.52,50.77,-68.31,-1.01,Signal Exit
2023-03-29 04:24:00,27382.4,2023-03-29 04:26:00,27392.0,6718.0,6620.3,50.01,50.03,-97.7,-1.45,Signal Exit
2023-03-29 04:29:00,27382.8,2023-03-29 04:32:00,27547.4,6620.3,6560.94,49.28,49.58,-59.36,-0.9,Signal Exit
2023-03-30 17:36:00,27732.8,2023-03-30 17:38:00,27865.4,6560.94,6494.16,48.84,49.07,-66.78,-1.02,Signal Exit
2023-03-30 17:41:00,27770.4,2023-03-30 17:42:00,27776.1,6494.16,6398.79,48.34,48.35,-95.37,-1.47,Signal Exit
2023-03-30 17:53:00,27765.1,2023-03-30 17:54:00,27778.5,6398.79,6306.56,47.63,47.66,-92.22,-1.44,Signal Exit
2023-03-30 17:55:00,27725.6,2023-03-30 17:56:00,27766.0,6306.56,6221.72,46.95,47.02,-84.84,-1.35,Signal Exit
2023-03-30 18:04:00,27761.2,2023-03-30 18:13:00,27750.0,6221.72,6126.62,46.32,46.3,-95.1,-1.53,Signal Exit
2023-04-05 15:59:00,27996.1,2023-04-05 19:51:00,28260.2,6126.62,6092.34,45.61,46.04,-34.28,-0.56,Signal Exit
2023-04-05 19:53:00,28241.4,2023-04-10 22:02:00,29458.1,6092.34,6260.19,45.35,47.31,167.86,2.76,Signal Exit
2023-04-21 02:46:00,28176.7,2023-04-21 10:06:00,28019.4,6260.19,6132.56,46.6,46.34,-127.63,-2.04,Signal Exit
2023-04-21 14:55:00,28058.4,2023-04-21 15:56:00,28004.7,6132.56,6029.7,45.65,45.56,-102.87,-1.68,Signal Exit
2023-04-21 16:08:00,27956.3,2023-04-21 16:16:00,28016.7,6029.7,5952.76,44.89,44.98,-76.94,-1.28,Signal Exit
2023-04-21 16:36:00,27925.0,2023-04-21 16:45:00,28018.3,5952.76,5883.72,44.31,44.46,-69.03,-1.16,Signal Exit
2023-04-21 16:47:00,28005.7,2023-04-25 23:47:00,28304.1,5883.72,5857.88,43.8,44.27,-25.84,-0.44,Signal Exit
2023-05-01 01:51:00,28454.4,2023-05-01 01:53:00,28504.2,5857.88,5780.77,43.61,43.68,-77.11,-1.32,Signal Exit
2023-05-01 01:54:00,28462.2,2023-05-01 02:02:00,28553.9,5780.77,5713.05,43.03,43.17,-67.72,-1.17,Signal Exit
2023-05-01 03:15:00,28426.3,2023-05-01 03:17:00,28499.6,5713.05,5642.5,42.53,42.64,-70.55,-1.23,Signal Exit
2023-05-01 03:50:00,28519.7,2023-05-01 04:01:00,28542.1,5642.5,5562.86,42.0,42.04,-79.64,-1.41,Signal Exit
2023-05-01 04:04:00,28545.3,2023-05-01 04:05:00,28541.0,5562.86,5479.21,41.41,41.4,-83.65,-1.5,Signal Exit
2023-05-01 04:10:00,28536.4,2023-05-01 04:12:00,28538.9,5479.21,5398.11,40.79,40.79,-81.1,-1.48,Signal Exit
2023-05-01 04:14:00,28533.5,2023-05-01 04:15:00,28530.8,5398.11,5317.24,40.18,40.18,-80.87,-1.5,Signal Exit
2023-05-01 04:16:00,28524.9,2023-05-01 04:18:00,28531.1,5317.24,5239.21,39.58,39.59,-78.03,-1.47,Signal Exit
2023-05-01 04:19:00,28514.5,2023-05-01 04:32:00,28505.5,5239.21,5159.58,39.0,38.99,-79.63,-1.52,Signal Exit
2023-05-01 05:32:00,28487.4,2023-05-01 05:48:00,28436.4,5159.58,5073.66,38.41,38.34,-85.92,-1.67,Signal Exit
2023-05-01 05:49:00,28398.4,2023-05-01 05:59:00,28457.8,5073.66,5008.58,37.77,37.85,-65.08,-1.28,Signal Exit
2023-05-01 06:01:00,28447.4,2023-05-01 06:06:00,28451.7,5008.58,4934.76,37.28,37.29,-73.82,-1.47,Signal Exit
2023-05-01 06:13:00,28471.4,2023-05-01 06:14:00,28477.4,4934.76,4862.31,36.74,36.74,-72.45,-1.47,Signal Exit
2023-05-01 06:20:00,28468.0,2023-05-01 06:23:00,28469.6,4862.31,4790.19,36.2,36.2,-72.12,-1.48,Signal Exit
2023-05-01 06:24:00,28458.4,2023-05-01 06:26:00,28479.6,4790.19,4722.38,35.66,35.69,-67.8,-1.42,Signal Exit
2023-05-01 18:48:00,28090.5,2023-05-01 18:49:00,28114.7,4722.38,4656.08,35.15,35.18,-66.3,-1.4,Signal Exit
2023-05-01 19:12:00,28059.4,2023-05-01 21:33:00,28020.0,4656.08,4580.32,34.66,34.61,-75.76,-1.63,Signal Exit
2023-05-01 21:36:00,27967.2,2023-05-01 22:15:00,27989.6,4580.32,4515.74,34.1,34.12,-64.58,-1.41,Signal Exit
2023-05-01 22:20:00,27959.4,2023-05-01 22:39:00,27990.7,4515.74,4453.49,33.62,33.65,-62.25,-1.38,Signal Exit
2023-05-01 23:08:00,28057.8,2023-05-01 23:09:00,28056.5,4453.49,4386.98,33.15,33.15,-66.51,-1.49,Signal Exit
2023-05-01 23:47:00,28072.3,2023-05-01 23:48:00,28076.3,4386.98,4322.28,32.66,32.66,-64.7,-1.47,Signal Exit
2023-05-02 00:00:00,28020.2,2023-05-02 00:42:00,28088.4,4322.28,4268.29,32.18,32.25,-53.99,-1.25,Signal Exit
2023-05-02 00:48:00,28061.0,2023-05-02 07:15:00,28103.7,4268.29,4211.14,31.77,31.82,-57.15,-1.34,Signal Exit
2023-05-02 07:17:00,28073.8,2023-05-02 07:28:00,28057.5,4211.14,4146.04,31.35,31.33,-65.11,-1.55,Signal Exit
2023-05-02 07:29:00,28047.2,2023-05-02 08:05:00,28058.4,4146.04,4085.94,30.86,30.88,-60.1,-1.45,Signal Exit
2023-05-02 08:49:00,28014.6,2023-05-02 08:51:00,27999.6,4085.94,4022.95,30.42,30.4,-62.99,-1.54,Signal Exit
2023-05-02 08:52:00,27993.5,2023-05-02 11:36:00,28023.3,4022.95,3967.28,29.95,29.98,-55.68,-1.38,Signal Exit
2023-05-12 15:27:00,26295.6,2023-05-12 15:34:00,26306.9,3967.28,3909.89,29.53,29.55,-57.39,-1.45,Signal Exit
2023-05-12 15:35:00,26285.7,2023-05-12 15:41:00,26287.5,3909.89,3851.94,29.11,29.11,-57.95,-1.48,Signal Exit
2023-05-12 15:42:00,26281.4,2023-05-12 15:52:00,26282.1,3851.94,3794.7,28.67,28.68,-57.25,-1.49,Signal Exit
2023-05-12 16:00:00,26291.2,2023-05-12 21:11:00,26676.4,3794.7,3792.97,28.25,28.66,-1.73,-0.05,Signal Exit
2023-05-22 04:28:00,26650.4,2023-05-22 06:15:00,26761.4,3792.97,3752.06,28.24,28.35,-40.91,-1.08,Signal Exit
2023-05-22 08:54:00,26813.4,2023-05-23 02:55:00,27048.2,3752.06,3728.57,27.93,28.18,-23.5,-0.63,Signal Exit
2023-05-23 02:56:00,27040.7,2023-05-23 02:57:00,27070.6,3728.57,3677.11,27.76,27.79,-51.45,-1.38,Signal Exit
2023-05-24 01:16:00,27137.0,2023-05-24 01:45:00,27145.6,3677.11,3623.52,27.37,27.38,-53.6,-1.46,Signal Exit
2023-05-24 02:00:00,27088.0,2023-05-24 02:01:00,27105.3,3623.52,3571.85,26.97,26.99,-51.67,-1.43,Signal Exit
2023-05-24 02:02:00,27108.8,2023-05-24 02:08:00,27124.5,3571.85,3520.71,26.59,26.6,-51.14,-1.43,Signal Exit
2023-05-24 03:08:00,27120.7,2023-05-24 22:16:00,26346.7,3520.71,3369.31,26.21,25.46,-151.4,-4.3,Signal Exit
2023-05-24 22:22:00,26350.0,2023-05-24 22:42:00,26306.7,3369.31,3313.69,25.08,25.04,-55.62,-1.65,Signal Exit
2023-05-24 22:47:00,26315.6,2023-05-24 22:48:00,26313.5,3313.69,3264.09,24.67,24.67,-49.6,-1.5,Signal Exit
2023-05-24 23:50:00,26310.8,2023-05-25 00:07:00,26332.0,3264.09,3218.09,24.3,24.32,-46.01,-1.41,Signal Exit
2023-05-25 00:11:00,26314.5,2023-05-25 05:23:00,26221.9,3218.09,3159.02,23.96,23.87,-59.07,-1.84,Signal Exit
2023-05-25 05:34:00,26222.8,2023-05-25 09:10:00,26204.7,3159.02,3109.84,23.52,23.5,-49.18,-1.56,Signal Exit
2023-05-25 09:51:00,26221.9,2023-05-25 09:53:00,26221.6,3109.84,3063.5,23.15,23.15,-46.34,-1.49,Signal Exit
2023-05-25 09:54:00,26217.4,2023-05-25 09:56:00,26224.6,3063.5,3018.72,22.81,22.81,-44.78,-1.46,Signal Exit
2023-05-25 09:58:00,26238.2,2023-05-25 10:14:00,26206.3,3018.72,2970.16,22.47,22.44,-48.56,-1.61,Signal Exit
2023-05-25 13:49:00,26240.5,2023-05-25 13:50:00,26257.2,2970.16,2927.8,22.11,22.12,-42.36,-1.43,Signal Exit
2023-05-25 15:28:00,26245.4,2023-05-25 15:43:00,26201.4,2927.8,2879.38,21.8,21.76,-48.43,-1.65,Signal Exit
2023-05-25 15:44:00,26179.1,2023-05-25 16:22:00,26281.7,2879.38,2847.63,21.43,21.52,-31.75,-1.1,Signal Exit
2023-05-25 16:23:00,26267.2,2023-05-25 16:56:00,26247.2,2847.63,2803.09,21.2,21.18,-44.53,-1.56,Signal Exit
2023-05-25 17:02:00,26242.6,2023-05-25 17:08:00,26247.8,2803.09,2761.91,20.87,20.87,-41.19,-1.47,Signal Exit
2023-05-25 17:09:00,26221.9,2023-05-25 17:18:00,26267.7,2761.91,2725.54,20.56,20.6,-36.37,-1.32,Signal Exit
2023-05-25 17:19:00,26248.4,2023-05-25 17:26:00,26293.0,2725.54,2689.52,20.29,20.32,-36.02,-1.32,Signal Exit
2023-05-25 17:37:00,26314.0,2023-05-25 17:39:00,26328.6,2689.52,2650.95,20.02,20.03,-38.57,-1.43,Signal Exit
2023-05-25 17:43:00,26311.4,2023-05-25 17:51:00,26344.3,2650.95,2614.75,19.73,19.76,-36.2,-1.37,Signal Exit
2023-05-25 17:54:00,26311.3,2023-05-25 18:00:00,26362.4,2614.75,2580.82,19.46,19.5,-33.93,-1.3,Signal Exit
2023-05-25 18:03:00,26323.9,2023-05-25 18:26:00,26347.4,2580.82,2544.67,19.21,19.23,-36.15,-1.4,Signal Exit
2023-05-25 18:27:00,26346.4,2023-05-25 18:28:00,26369.3,2544.67,2508.96,18.94,18.96,-35.71,-1.4,Signal Exit
2023-05-25 18:32:00,26340.8,2023-05-25 18:34:00,26351.8,2508.96,2472.64,18.68,18.68,-36.32,-1.45,Signal Exit
2023-05-25 18:35:00,26334.7,2023-05-25 19:06:00,26393.1,2472.64,2441.23,18.41,18.45,-31.41,-1.27,Signal Exit
2023-05-25 19:07:00,26373.6,2023-05-25 19:08:00,26391.6,2441.23,2406.52,18.17,18.19,-34.7,-1.42,Signal Exit
2023-05-25 19:21:00,26490.9,2023-05-25 19:24:00,26502.6,2406.52,2371.74,17.91,17.92,-34.78,-1.45,Signal Exit
2023-05-25 19:25:00,26489.1,2023-05-25 19:42:00,26418.4,2371.74,2330.19,17.66,17.61,-41.55,-1.75,Signal Exit
2023-06-12 03:37:00,25799.5,2023-06-12 06:19:00,25802.5,2330.19,2295.77,17.35,17.35,-34.43,-1.48,Signal Exit
2023-06-12 06:20:00,25794.2,2023-06-12 06:27:00,25811.4,2295.77,2263.09,17.09,17.1,-32.67,-1.42,Signal Exit
2023-06-12 07:35:00,25782.1,2023-06-12 08:02:00,25784.6,2263.09,2229.62,16.85,16.85,-33.48,-1.48,Signal Exit
2023-06-12 08:12:00,25795.2,2023-06-12 08:15:00,25805.8,2229.62,2197.32,16.6,16.6,-32.29,-1.45,Signal Exit
2023-06-12 17:23:00,25638.1,2023-06-12 17:25:00,25724.7,2197.32,2171.92,16.36,16.41,-25.4,-1.16,Signal Exit
2023-06-13 15:23:00,25783.8,2023-06-13 16:17:00,25799.0,2171.92,2140.85,16.17,16.18,-31.08,-1.43,Signal Exit
2023-06-13 16:20:00,25785.7,2023-06-13 16:42:00,25823.0,2140.85,2112.02,15.94,15.96,-28.82,-1.35,Signal Exit
2023-06-13 17:04:00,25830.1,2023-06-13 17:05:00,25840.0,2112.02,2081.38,15.72,15.73,-30.65,-1.45,Signal Exit
2023-06-13 17:10:00,25822.0,2023-06-13 17:11:00,25829.4,2081.38,2050.98,15.49,15.5,-30.4,-1.46,Signal Exit
2023-06-13 17:21:00,25812.8,2023-06-13 17:40:00,25789.5,2050.98,2018.62,15.27,15.25,-32.36,-1.58,Signal Exit
2023-06-13 17:45:00,25790.7,2023-06-13 17:47:00,25797.5,2018.62,1989.09,15.03,15.03,-29.53,-1.46,Signal Exit
2023-06-14 16:30:00,25951.3,2023-06-14 16:32:00,25962.3,1989.09,1960.3,14.81,14.81,-28.78,-1.45,Signal Exit
2023-06-14 16:34:00,25968.6,2023-06-14 17:32:00,25913.6,1960.3,1927.03,14.59,14.56,-33.28,-1.7,Signal Exit
2023-06-14 18:06:00,25823.6,2023-06-14 18:10:00,25887.9,1927.03,1903.06,14.35,14.38,-23.96,-1.24,Signal Exit
2023-06-14 18:16:00,25810.8,2023-06-14 18:17:00,25825.2,1903.06,1875.78,14.17,14.17,-27.29,-1.43,Signal Exit
2023-06-14 18:18:00,25812.5,2023-06-14 18:19:00,25830.7,1875.78,1849.15,13.96,13.97,-26.62,-1.42,Signal Exit
2023-06-14 18:26:00,25842.4,2023-06-14 18:27:00,25845.0,1849.15,1821.8,13.77,13.77,-27.35,-1.48,Signal Exit
2023-06-14 18:34:00,25862.1,2023-06-14 18:35:00,25887.8,1821.8,1796.46,13.56,13.58,-25.34,-1.39,Signal Exit
2023-06-14 18:44:00,25946.1,2023-06-15 09:31:00,24826.0,1796.46,1693.32,13.37,12.8,-103.15,-5.74,Stop-Loss
2023-06-15 09:32:00,24861.2,2023-06-21 13:46:00,29126.2,1693.32,1954.28,12.61,14.77,260.96,15.41,Signal Exit
2023-06-21 14:01:00,29195.5,2023-06-21 14:15:00,29184.2,1954.28,1924.44,14.55,14.54,-29.84,-1.53,Signal Exit
2023-06-21 14:16:00,29168.5,2023-06-21 14:23:00,29244.8,1924.44,1900.74,14.33,14.36,-23.69,-1.23,Signal Exit
2023-06-22 14:41:00,29682.5,2023-06-22 14:56:00,29751.7,1900.74,1876.81,14.15,14.18,-23.93,-1.26,Signal Exit
2023-06-22 14:57:00,29709.0,2023-06-22 15:04:00,29785.4,1876.81,1853.62,13.97,14.01,-23.19,-1.24,Signal Exit
2023-06-28 07:17:00,30295.9,2023-06-28 07:19:00,30296.3,1853.62,1826.05,13.8,13.8,-27.57,-1.49,Signal Exit
2023-06-28 07:33:00,30253.8,2023-06-28 07:49:00,30222.7,1826.05,1797.01,13.59,13.58,-29.04,-1.59,Signal Exit
2023-06-28 07:50:00,30212.0,2023-06-28 08:16:00,30166.6,1797.01,1767.6,13.38,13.36,-29.41,-1.64,Signal Exit
2023-06-28 13:07:00,30020.3,2023-06-28 13:08:00,30061.8,1767.6,1743.69,13.16,13.18,-23.91,-1.35,Signal Exit
2023-06-28 13:45:00,30057.2,2023-06-28 13:47:00,30101.9,1743.69,1720.28,12.98,13.0,-23.41,-1.34,Signal Exit
2023-06-28 13:50:00,30069.3,2023-06-28 13:52:00,30119.3,1720.28,1697.49,12.81,12.83,-22.79,-1.33,Signal Exit
2023-06-28 17:08:00,30084.2,2023-06-28 17:18:00,30135.6,1697.49,1675.07,12.64,12.66,-22.42,-1.32,Signal Exit
2023-06-28 17:33:00,30121.0,2023-06-28 17:34:00,30125.8,1675.07,1650.4,12.47,12.47,-24.68,-1.47,Signal Exit
2023-06-28 17:36:00,30079.6,2023-06-28 17:39:00,30109.6,1650.4,1627.45,12.29,12.3,-22.95,-1.39,Signal Exit
2023-06-28 17:41:00,30091.7,2023-06-28 17:42:00,30086.6,1627.45,1602.94,12.11,12.11,-24.5,-1.51,Signal Exit
2023-06-28 19:29:00,30016.6,2023-06-28 19:49:00,30031.8,1602.94,1579.88,11.93,11.94,-23.07,-1.44,Signal Exit
2023-06-28 19:50:00,30017.2,2023-06-28 19:51:00,30038.2,1579.88,1557.45,11.76,11.77,-22.43,-1.42,Signal Exit
2023-06-28 19:52:00,30026.3,2023-06-28 19:54:00,30047.7,1557.45,1535.35,11.59,11.6,-22.09,-1.42,Signal Exit
2023-06-28 19:59:00,30070.7,2023-06-28 20:00:00,30104.2,1535.35,1514.18,11.43,11.44,-21.17,-1.38,Signal Exit
2023-06-28 20:02:00,30042.1,2023-06-28 20:22:00,30017.4,1514.18,1490.41,11.27,11.26,-23.77,-1.57,Signal Exit
2023-06-28 20:30:00,30013.3,2023-06-28 20:31:00,30037.0,1490.41,1469.38,11.09,11.1,-21.03,-1.41,Signal Exit
2023-06-28 20:35:00,30027.6,2023-06-28 20:40:00,30033.1,1469.38,1447.77,10.94,10.94,-21.61,-1.47,Signal Exit
2023-06-28 21:03:00,30081.5,2023-06-28 21:36:00,30111.7,1447.77,1427.64,10.78,10.79,-20.12,-1.39,Signal Exit
2023-06-30 13:47:00,29555.9,2023-06-30 13:58:00,29994.6,1427.64,1427.26,10.63,10.79,-0.38,-0.03,Signal Exit
2023-06-30 14:24:00,30143.8,2023-06-30 14:25:00,30167.8,1427.26,1407.13,10.62,10.63,-20.13,-1.41,Signal Exit
2023-06-30 14:26:00,30192.1,2023-06-30 16:42:00,30400.6,1407.13,1395.76,10.47,10.55,-11.38,-0.81,Signal Exit
2023-07-08 17:39:00,30182.8,2023-07-08 17:41:00,30190.0,1395.76,1375.3,10.39,10.39,-20.45,-1.47,Signal Exit
2023-07-08 17:50:00,30199.6,2023-07-08 17:51:00,30203.4,1375.3,1355.0,10.24,10.24,-20.31,-1.48,Signal Exit
2023-07-08 17:58:00,30199.7,2023-07-09 07:30:00,30244.6,1355.0,1336.81,10.09,10.1,-18.19,-1.34,Signal Exit
2023-07-09 07:31:00,30238.8,2023-07-09 07:40:00,30231.0,1336.81,1316.57,9.95,9.95,-20.24,-1.51,Signal Exit
2023-07-09 07:52:00,30233.3,2023-07-09 08:55:00,30276.1,1316.57,1298.8,9.8,9.81,-17.77,-1.35,Signal Exit
2023-07-09 09:11:00,30255.9,2023-07-09 09:13:00,30255.5,1298.8,1279.45,9.67,9.67,-19.35,-1.49,Signal Exit
2023-07-09 09:14:00,30252.2,2023-07-09 09:15:00,30255.3,1279.45,1260.53,9.52,9.53,-18.92,-1.48,Signal Exit
2023-07-09 09:20:00,30255.9,2023-07-09 09:21:00,30256.1,1260.53,1241.77,9.38,9.38,-18.76,-1.49,Signal Exit
2023-07-09 09:23:00,30255.4,2023-07-09 09:48:00,30249.2,1241.77,1223.03,9.24,9.24,-18.74,-1.51,Signal Exit
2023-07-09 09:49:00,30248.5,2023-07-09 09:51:00,30249.4,1223.03,1204.86,9.1,9.1,-18.17,-1.49,Signal Exit
2023-07-09 09:57:00,30244.2,2023-07-09 09:59:00,30249.2,1204.86,1187.11,8.97,8.97,-17.74,-1.47,Signal Exit
2023-07-09 10:01:00,30220.4,2023-07-09 10:02:00,30254.6,1187.11,1170.76,8.84,8.85,-16.35,-1.38,Signal Exit
2023-07-09 10:54:00,30257.6,2023-07-09 10:55:00,30257.9,1170.76,1153.34,8.72,8.72,-17.42,-1.49,Signal Exit
2023-07-09 11:00:00,30240.9,2023-07-09 11:59:00,30247.7,1153.34,1136.43,8.59,8.59,-16.92,-1.47,Signal Exit
2023-07-09 12:01:00,30248.9,2023-07-09 12:04:00,30249.2,1136.43,1119.52,8.46,8.46,-16.91,-1.49,Signal Exit
2023-07-09 13:12:00,30315.4,2023-07-09 13:27:00,30288.8,1119.52,1101.88,8.33,8.33,-17.64,-1.58,Signal Exit
2023-07-09 13:28:00,30289.5,2023-07-09 13:34:00,30290.6,1101.88,1085.52,8.2,8.2,-16.37,-1.49,Signal Exit
2023-07-09 13:38:00,30285.4,2023-07-09 15:04:00,30332.5,1085.52,1071.02,8.08,8.09,-14.5,-1.34,Signal Exit
2023-07-09 15:12:00,30308.7,2023-07-09 15:22:00,30326.2,1071.02,1055.68,7.97,7.98,-15.34,-1.43,Signal Exit
2023-07-09 15:33:00,30325.6,2023-07-09 15:35:00,30319.8,1055.68,1039.77,7.86,7.86,-15.92,-1.51,Signal Exit
2023-07-09 15:40:00,30329.0,2023-07-09 15:41:00,30326.7,1039.77,1024.21,7.74,7.74,-15.56,-1.5,Signal Exit
2023-07-09 16:02:00,30318.8,2023-07-09 16:03:00,30311.7,1024.21,1008.72,7.62,7.62,-15.49,-1.51,Signal Exit
2023-08-03 19:38:00,29231.9,2023-08-03 19:40:00,29241.7,1008.72,994.04,7.51,7.51,-14.69,-1.46,Signal Exit
2023-08-04 12:05:00,29109.2,2023-08-04 12:12:00,29123.9,994.04,979.73,7.4,7.4,-14.31,-1.44,Signal Exit
2023-08-04 12:16:00,29124.2,2023-08-04 12:21:00,29113.6,979.73,964.8,7.29,7.29,-14.94,-1.52,Signal Exit
2023-08-17 21:44:00,25553.2,2023-08-17 21:45:00,25746.7,964.8,957.63,7.18,7.24,-7.17,-0.74,Signal Exit
2023-08-22 23:47:00,25974.5,2023-08-22 23:49:00,25960.6,957.63,942.87,7.13,7.12,-14.76,-1.54,Signal Exit
2023-08-22 23:51:00,25979.9,2023-08-23 17:37:00,26515.4,942.87,947.97,7.02,7.16,5.11,0.54,Signal Exit
2023-08-23 17:44:00,26529.8,2023-08-23 19:40:00,26625.8,947.97,937.24,7.06,7.08,-10.73,-1.13,Signal Exit
2023-08-23 20:00:00,26515.4,2023-08-23 20:03:00,26550.7,937.24,924.51,6.98,6.99,-12.72,-1.36,Signal Exit
2023-08-23 20:04:00,26554.8,2023-08-23 20:05:00,26567.2,924.51,911.18,6.88,6.89,-13.34,-1.44,Signal Exit
2023-08-23 20:06:00,26552.4,2023-08-23 20:07:00,26565.3,911.18,898.05,6.78,6.79,-13.13,-1.44,Signal Exit
2023-08-23 20:08:00,26553.9,2023-08-23 20:23:00,26637.7,898.05,887.47,6.69,6.71,-10.58,-1.18,Signal Exit
2023-08-23 20:28:00,26597.4,2023-08-23 21:30:00,26530.8,887.47,872.06,6.61,6.59,-15.4,-1.74,Signal Exit
2023-08-23 21:31:00,26517.3,2023-08-23 21:38:00,26521.3,872.06,859.21,6.49,6.49,-12.85,-1.47,Signal Exit
2023-08-23 21:39:00,26509.7,2023-08-23 21:40:00,26527.2,859.21,846.98,6.4,6.4,-12.23,-1.42,Signal Exit
2023-08-23 21:42:00,26499.1,2023-08-24 00:20:00,26422.4,846.98,831.95,6.31,6.29,-15.03,-1.77,Signal Exit
2023-08-24 00:21:00,26428.7,2023-08-24 01:19:00,26413.6,831.95,819.1,6.19,6.19,-12.85,-1.55,Signal Exit
2023-08-24 01:20:00,26403.7,2023-08-24 01:28:00,26389.9,819.1,806.48,6.1,6.09,-12.62,-1.54,Signal Exit
2023-08-24 01:48:00,26329.1,2023-08-24 02:03:00,26346.7,806.48,795.0,6.0,6.01,-11.48,-1.42,Signal Exit
2023-08-24 02:04:00,26338.6,2023-08-24 02:33:00,26373.0,795.0,784.19,5.92,5.93,-10.81,-1.36,Signal Exit
2023-08-24 02:57:00,26333.2,2023-08-24 03:01:00,26339.3,784.19,772.7,5.84,5.84,-11.5,-1.47,Signal Exit
2023-08-24 03:38:00,26385.3,2023-08-24 03:39:00,26387.3,772.7,761.25,5.75,5.75,-11.45,-1.48,Signal Exit
2023-08-24 03:41:00,26387.2,2023-08-24 03:43:00,26385.8,761.25,749.88,5.67,5.67,-11.37,-1.49,Signal Exit
2023-08-24 03:47:00,26387.7,2023-08-24 03:52:00,26398.2,749.88,739.0,5.58,5.58,-10.87,-1.45,Signal Exit
2023-08-24 04:02:00,26384.8,2023-08-24 04:05:00,26382.0,739.0,727.92,5.5,5.5,-11.08,-1.5,Signal Exit
2023-08-24 04:48:00,26429.9,2023-08-24 05:04:00,26439.9,727.92,717.36,5.42,5.42,-10.57,-1.45,Signal Exit
2023-08-24 05:13:00,26425.6,2023-08-24 05:30:00,26407.2,717.36,706.19,5.34,5.34,-11.17,-1.56,Signal Exit
2023-08-24 05:40:00,26387.2,2023-08-24 07:14:00,26421.3,706.19,696.57,5.26,5.26,-9.61,-1.36,Signal Exit
2023-08-24 07:16:00,26414.8,2023-08-24 07:17:00,26436.2,696.57,686.76,5.19,5.19,-9.81,-1.41,Signal Exit
2023-08-24 07:26:00,26446.3,2023-08-24 07:54:00,26432.6,686.76,676.18,5.11,5.11,-10.58,-1.54,Signal Exit
2023-08-24 08:25:00,26396.0,2023-08-24 08:32:00,26389.8,676.18,665.96,5.03,5.03,-10.22,-1.51,Signal Exit
2023-08-24 09:43:00,26399.7,2023-08-24 10:08:00,26407.2,665.96,656.23,4.96,4.96,-9.73,-1.46,Signal Exit
2023-08-24 10:10:00,26403.3,2023-08-24 10:12:00,26402.1,656.23,646.43,4.89,4.88,-9.8,-1.49,Signal Exit
2023-08-24 10:13:00,26395.7,2023-08-24 10:26:00,26424.2,646.43,637.49,4.81,4.82,-8.94,-1.38,Signal Exit
2023-08-24 10:29:00,26421.8,2023-08-24 10:31:00,26432.5,637.49,628.26,4.75,4.75,-9.24,-1.45,Signal Exit
2023-08-24 10:38:00,26414.0,2023-08-24 10:43:00,26421.4,628.26,619.08,4.68,4.68,-9.18,-1.46,Signal Exit
2023-08-24 10:46:00,26415.6,2023-08-24 10:51:00,26430.6,619.08,610.2,4.61,4.61,-8.87,-1.43,Signal Exit
2023-08-24 10:54:00,26434.0,2023-08-24 10:57:00,26432.3,610.2,601.08,4.54,4.54,-9.12,-1.5,Signal Exit
2023-08-24 11:03:00,26433.7,2023-08-24 11:06:00,26435.0,601.08,592.16,4.47,4.47,-8.92,-1.48,Signal Exit
2023-08-24 11:59:00,26404.9,2023-08-24 12:26:00,26383.6,592.16,582.87,4.41,4.4,-9.29,-1.57,Signal Exit
2023-08-24 12:31:00,26383.7,2023-08-24 16:52:00,26116.2,582.87,568.37,4.34,4.3,-14.5,-2.49,Signal Exit
2023-08-24 16:55:00,26081.2,2023-08-24 17:10:00,26062.5,568.37,559.51,4.23,4.23,-8.86,-1.56,Signal Exit
2023-08-24 17:13:00,26046.2,2023-08-24 17:22:00,26038.9,559.51,551.03,4.17,4.16,-8.48,-1.52,Signal Exit
2023-09-07 14:15:00,25657.5,2023-09-07 14:17:00,25658.6,551.03,542.85,4.1,4.1,-8.18,-1.48,Signal Exit
2023-09-09 12:23:00,25783.9,2023-09-09 13:05:00,25785.8,542.85,534.8,4.04,4.04,-8.04,-1.48,Signal Exit
2023-09-09 13:17:00,25782.8,2023-09-09 13:24:00,25772.3,534.8,526.63,3.98,3.98,-8.18,-1.53,Signal Exit
2023-09-09 13:25:00,25764.8,2023-09-09 15:21:00,25817.6,526.63,519.85,3.92,3.93,-6.78,-1.29,Signal Exit
2023-09-09 15:23:00,25810.8,2023-09-09 15:38:00,25825.5,519.85,512.4,3.87,3.87,-7.45,-1.43,Signal Exit
2023-09-09 16:05:00,25818.5,2023-09-09 16:14:00,25831.2,512.4,505.02,3.81,3.82,-7.38,-1.44,Signal Exit
2023-09-09 16:40:00,25819.3,2023-09-09 16:47:00,25819.7,505.02,497.51,3.76,3.76,-7.51,-1.49,Signal Exit
2023-09-09 16:58:00,25825.7,2023-09-09 18:02:00,25807.6,497.51,489.76,3.7,3.7,-7.75,-1.56,Signal Exit
2023-09-09 18:19:00,25795.9,2023-09-09 18:48:00,25797.2,489.76,482.49,3.65,3.65,-7.27,-1.48,Signal Exit
2023-09-09 18:49:00,25796.8,2023-09-09 19:32:00,25802.6,482.49,475.41,3.59,3.59,-7.08,-1.47,Signal Exit
2023-09-09 19:38:00,25794.6,2023-09-09 19:41:00,25791.8,475.41,468.29,3.54,3.54,-7.13,-1.5,Signal Exit
2023-09-09 19:44:00,25791.5,2023-09-09 20:07:00,25799.3,468.29,461.45,3.49,3.49,-6.83,-1.46,Signal Exit
2023-09-09 20:34:00,25802.3,2023-09-09 20:36:00,25801.9,461.45,454.58,3.44,3.44,-6.88,-1.49,Signal Exit
2023-09-09 20:38:00,25797.0,2023-09-09 20:44:00,25805.2,454.58,447.95,3.38,3.39,-6.63,-1.46,Signal Exit
2023-09-09 20:46:00,25800.2,2023-09-09 20:52:00,25799.4,447.95,441.27,3.33,3.33,-6.68,-1.49,Signal Exit
2023-09-10 03:27:00,25800.9,2023-09-10 03:51:00,25824.1,441.27,435.09,3.28,3.29,-6.18,-1.4,Signal Exit
2023-09-10 03:56:00,25792.9,2023-09-10 03:57:00,25823.6,435.09,429.12,3.24,3.24,-5.97,-1.37,Signal Exit
2023-09-10 03:58:00,25819.6,2023-09-10 03:59:00,25823.3,429.12,422.79,3.19,3.19,-6.33,-1.47,Signal Exit
2023-09-10 04:10:00,25817.3,2023-09-10 04:11:00,25816.8,422.79,416.49,3.15,3.15,-6.3,-1.49,Signal Exit
2023-09-10 04:15:00,25814.1,2023-09-10 05:22:00,25786.6,416.49,409.85,3.1,3.1,-6.64,-1.59,Signal Exit
2023-09-10 06:04:00,25780.7,2023-09-10 06:05:00,25810.8,409.85,404.22,3.05,3.05,-5.63,-1.37,Signal Exit
2023-09-10 08:22:00,25807.5,2023-09-10 08:26:00,25821.1,404.22,398.41,3.01,3.01,-5.81,-1.44,Signal Exit
2023-09-10 08:31:00,25817.1,2023-09-10 08:36:00,25811.8,398.41,392.4,2.97,2.97,-6.01,-1.51,Signal Exit
2023-09-10 09:10:00,25810.5,2023-09-10 09:37:00,25814.2,392.4,386.61,2.92,2.92,-5.79,-1.47,Signal Exit
2023-09-10 09:43:00,25774.5,2023-09-10 09:44:00,25808.3,386.61,381.36,2.88,2.88,-5.26,-1.36,Signal Exit
2023-09-10 09:46:00,25778.2,2023-09-10 10:48:00,25773.0,381.36,375.6,2.84,2.84,-5.75,-1.51,Signal Exit
2023-09-10 22:09:00,25826.4,2023-09-10 23:12:00,25812.1,375.6,369.81,2.8,2.79,-5.8,-1.54,Signal Exit
2023-09-10 23:15:00,25794.9,2023-09-10 23:17:00,25791.6,369.81,364.25,2.75,2.75,-5.55,-1.5,Signal Exit
2023-09-10 23:37:00,25792.8,2023-09-10 23:38:00,25807.2,364.25,359.03,2.71,2.71,-5.22,-1.43,Signal Exit
2023-09-10 23:45:00,25806.0,2023-09-10 23:51:00,25800.1,359.03,353.61,2.67,2.67,-5.43,-1.51,Signal Exit
2023-09-10 23:53:00,25809.2,2023-09-11 00:05:00,25803.3,353.61,348.26,2.63,2.63,-5.34,-1.51,Signal Exit
2023-09-11 00:19:00,25810.1,2023-09-11 04:36:00,25733.5,348.26,342.06,2.59,2.58,-6.2,-1.78,Signal Exit
2023-09-11 04:39:00,25730.3,2023-09-11 04:44:00,25722.7,342.06,336.87,2.55,2.55,-5.19,-1.52,Signal Exit
2023-09-11 09:24:00,25651.0,2023-09-11 09:25:00,25698.1,336.87,332.46,2.51,2.51,-4.41,-1.31,Signal Exit
2023-09-11 09:28:00,25656.2,2023-09-11 09:37:00,25701.1,332.46,328.08,2.47,2.48,-4.38,-1.32,Signal Exit
2023-09-11 09:38:00,25683.9,2023-09-11 09:45:00,25697.9,328.08,323.37,2.44,2.44,-4.71,-1.44,Signal Exit
2023-09-11 09:50:00,25694.0,2023-09-12 03:23:00,25749.1,323.37,319.24,2.41,2.41,-4.13,-1.28,Signal Exit
2023-09-12 03:45:00,25715.4,2023-09-12 03:46:00,25739.3,319.24,314.78,2.38,2.38,-4.46,-1.4,Signal Exit
2023-09-12 03:48:00,25708.0,2023-09-12 03:50:00,25744.6,314.78,310.54,2.34,2.35,-4.25,-1.35,Signal Exit
2023-09-12 04:58:00,25716.1,2023-09-12 05:49:00,25733.2,310.54,306.12,2.31,2.31,-4.42,-1.42,Signal Exit
2023-09-12 05:50:00,25725.0,2023-09-12 05:58:00,25730.0,306.12,301.62,2.28,2.28,-4.5,-1.47,Signal Exit
2023-09-12 06:12:00,25731.6,2023-09-12 06:26:00,25737.9,301.62,297.2,2.25,2.25,-4.42,-1.46,Signal Exit
2023-09-12 06:27:00,25725.0,2023-09-12 06:28:00,25745.6,297.2,293.01,2.21,2.21,-4.19,-1.41,Signal Exit
2023-09-12 06:31:00,25702.0,2023-09-12 06:56:00,25728.1,293.01,288.94,2.18,2.18,-4.07,-1.39,Signal Exit
2023-09-12 07:14:00,25695.8,2023-09-12 07:15:00,25703.5,288.94,284.72,2.15,2.15,-4.22,-1.46,Signal Exit
2023-09-12 07:16:00,25693.9,2023-09-12 07:21:00,25702.9,284.72,280.58,2.12,2.12,-4.14,-1.45,Signal Exit
2023-09-12 07:29:00,25710.6,2023-09-12 07:30:00,25728.5,280.58,276.6,2.09,2.09,-3.98,-1.42,Signal Exit
2023-09-12 08:54:00,25730.0,2023-09-12 09:00:00,25744.9,276.6,272.64,2.06,2.06,-3.96,-1.43,Signal Exit
2023-09-12 09:04:00,25743.7,2023-09-12 09:17:00,25793.6,272.64,269.1,2.03,2.03,-3.54,-1.3,Signal Exit
2023-09-12 09:23:00,25759.2,2023-09-12 09:29:00,25774.3,269.1,265.25,2.0,2.0,-3.85,-1.43,Signal Exit
2023-09-12 09:33:00,25764.4,2023-09-12 09:36:00,25785.5,265.25,261.51,1.97,1.98,-3.74,-1.41,Signal Exit
2023-09-12 09:37:00,25772.4,2023-09-12 09:42:00,25779.6,261.51,257.69,1.95,1.95,-3.82,-1.46,Signal Exit
2023-09-13 01:37:00,25906.2,2023-09-13 01:39:00,25910.2,257.69,253.89,1.92,1.92,-3.8,-1.47,Signal Exit
2023-09-13 03:08:00,25864.6,2023-09-13 03:12:00,25858.9,253.89,250.06,1.89,1.89,-3.84,-1.51,Signal Exit
2023-09-13 05:19:00,25859.7,2023-09-13 05:54:00,25872.0,250.06,246.45,1.86,1.86,-3.61,-1.44,Signal Exit
2023-09-13 05:57:00,25865.4,2023-09-13 06:03:00,25858.2,246.45,242.72,1.83,1.83,-3.74,-1.52,Signal Exit
2023-09-13 06:08:00,25838.7,2023-09-13 06:11:00,25842.3,242.72,239.14,1.81,1.81,-3.58,-1.48,Signal Exit
2023-09-13 06:22:00,25864.5,2023-09-13 06:28:00,25873.3,239.14,235.66,1.78,1.78,-3.48,-1.46,Signal Exit
2023-09-13 06:29:00,25877.2,2023-09-13 06:44:00,25908.1,235.66,232.42,1.75,1.76,-3.23,-1.37,Signal Exit
2023-09-13 07:45:00,25844.8,2023-09-13 07:49:00,25930.5,232.42,229.72,1.73,1.74,-2.7,-1.16,Signal Exit
2023-09-13 07:52:00,25877.4,2023-09-13 07:53:00,25885.6,229.72,226.38,1.71,1.71,-3.35,-1.46,Signal Exit
2023-09-13 07:54:00,25862.4,2023-09-13 16:20:00,26295.4,226.38,226.74,1.69,1.71,0.36,0.16,Signal Exit
2023-09-14 08:14:00,26312.5,2023-09-14 08:15:00,26308.0,226.74,223.32,1.69,1.69,-3.41,-1.51,Signal Exit
2023-09-14 08:17:00,26304.0,2023-09-14 11:36:00,26350.4,223.32,220.39,1.66,1.67,-2.94,-1.32,Signal Exit
2023-09-14 12:31:00,26348.4,2023-09-14 12:32:00,26349.0,220.39,217.11,1.64,1.64,-3.28,-1.49,Signal Exit
2023-09-14 14:46:00,26623.1,2023-09-14 14:47:00,26637.7,217.11,214.0,1.62,1.62,-3.12,-1.43,Signal Exit
2023-09-14 15:26:00,26604.9,2023-09-14 15:31:00,26596.9,214.0,210.75,1.59,1.59,-3.25,-1.52,Signal Exit
2023-09-15 00:59:00,26459.9,2023-09-15 01:26:00,26480.5,210.75,207.77,1.57,1.57,-2.98,-1.41,Signal Exit
2023-09-15 13:27:00,26374.8,2023-09-15 13:29:00,26373.0,207.77,204.66,1.55,1.55,-3.11,-1.5,Signal Exit
2023-09-15 14:15:00,26325.2,2023-09-15 14:16:00,26332.2,204.66,201.67,1.52,1.52,-2.99,-1.46,Signal Exit
2023-09-15 14:29:00,26330.7,2023-09-15 14:30:00,26331.1,201.67,198.67,1.5,1.5,-3.0,-1.49,Signal Exit
2023-09-15 14:31:00,26309.6,2023-09-15 14:32:00,26312.6,198.67,195.73,1.48,1.48,-2.94,-1.48,Signal Exit
2023-09-15 14:34:00,26306.2,2023-09-15 17:58:00,26322.7,195.73,192.94,1.46,1.46,-2.79,-1.43,Signal Exit
2023-09-15 17:59:00,26320.6,2023-09-15 18:07:00,26314.7,192.94,190.03,1.44,1.44,-2.92,-1.51,Signal Exit
2023-09-15 18:10:00,26319.9,2023-09-15 18:25:00,26309.6,190.03,187.12,1.41,1.41,-2.9,-1.53,Signal Exit
2023-09-15 20:37:00,26372.8,2023-09-15 20:40:00,26376.4,187.12,184.36,1.39,1.39,-2.76,-1.48,Signal Exit
2023-09-15 20:42:00,26379.1,2023-09-15 20:46:00,26391.4,184.36,181.7,1.37,1.37,-2.66,-1.44,Signal Exit
2023-09-25 00:39:00,26042.3,2023-09-25 00:40:00,26054.0,181.7,179.08,1.35,1.35,-2.62,-1.44,Signal Exit
2023-09-25 04:42:00,26083.8,2023-09-25 04:51:00,26099.9,179.08,176.52,1.33,1.33,-2.56,-1.43,Signal Exit
2023-09-25 05:06:00,26100.2,2023-09-25 05:08:00,26099.7,176.52,173.89,1.31,1.31,-2.63,-1.49,Signal Exit
2023-09-25 05:10:00,26099.7,2023-09-25 05:12:00,26111.2,173.89,171.38,1.29,1.3,-2.51,-1.45,Signal Exit
2023-09-25 05:14:00,26099.7,2023-09-25 05:19:00,26111.2,171.38,168.9,1.28,1.28,-2.48,-1.45,Signal Exit
2023-09-25 05:23:00,26098.7,2023-09-25 06:03:00,26091.6,168.9,166.34,1.26,1.26,-2.56,-1.52,Signal Exit
2023-09-25 06:04:00,26081.7,2023-09-25 06:32:00,26107.4,166.34,164.02,1.24,1.24,-2.32,-1.39,Signal Exit
2023-09-25 06:50:00,26112.2,2023-09-25 06:53:00,26120.1,164.02,161.63,1.22,1.22,-2.39,-1.46,Signal Exit
2023-09-25 06:55:00,26113.1,2023-09-25 06:59:00,26100.1,161.63,159.15,1.2,1.2,-2.49,-1.54,Signal Exit
2023-09-25 07:00:00,26075.3,2023-09-25 07:04:00,26098.4,159.15,156.91,1.18,1.19,-2.23,-1.4,Signal Exit
2023-09-25 07:05:00,26092.2,2023-09-25 07:45:00,26130.3,156.91,154.8,1.17,1.17,-2.11,-1.34,Signal Exit
2023-09-25 08:15:00,26131.6,2023-09-25 15:21:00,26204.2,154.8,152.92,1.15,1.16,-1.88,-1.22,Signal Exit
2023-09-25 15:25:00,26196.6,2023-09-25 15:26:00,26203.0,152.92,150.68,1.14,1.14,-2.24,-1.46,Signal Exit
2023-09-25 15:30:00,26187.3,2023-09-25 15:41:00,26229.8,150.68,148.68,1.12,1.12,-2.0,-1.33,Signal Exit
2023-09-25 19:32:00,26239.2,2023-09-25 19:36:00,26244.6,148.68,146.5,1.11,1.11,-2.18,-1.47,Signal Exit
2023-09-26 01:35:00,26202.9,2023-09-26 01:41:00,26196.6,146.5,144.28,1.09,1.09,-2.22,-1.51,Signal Exit
2023-09-26 01:42:00,26196.7,2023-09-26 01:46:00,26223.2,144.28,142.28,1.07,1.08,-2.0,-1.39,Signal Exit
2023-09-26 05:37:00,26289.8,2023-09-26 05:41:00,26287.6,142.28,140.15,1.06,1.06,-2.13,-1.5,Signal Exit
2023-09-26 05:44:00,26299.2,2023-09-28 13:59:00,26527.3,140.15,139.26,1.04,1.05,-0.89,-0.63,Signal Exit
2023-09-28 14:02:00,26505.0,2023-09-28 14:04:00,26526.3,139.26,137.29,1.04,1.04,-1.96,-1.41,Signal Exit
2023-09-28 14:13:00,26539.2,2023-09-28 14:20:00,26603.1,137.29,135.58,1.02,1.02,-1.72,-1.25,Signal Exit
2023-09-28 14:21:00,26557.3,2023-09-28 14:26:00,26576.7,135.58,133.66,1.01,1.01,-1.92,-1.42,Signal Exit
2023-09-29 17:58:00,26806.7,2023-09-29 18:36:00,26805.9,133.66,131.66,0.99,0.99,-1.99,-1.49,Signal Exit
2023-09-29 20:11:00,26890.5,2023-09-29 20:48:00,26863.6,131.66,129.57,0.98,0.98,-2.09,-1.59,Signal Exit
2023-09-29 21:02:00,26831.1,2023-09-29 21:20:00,26826.8,129.57,127.62,0.96,0.96,-1.95,-1.5,Signal Exit
2023-09-29 21:21:00,26825.3,2023-09-29 21:26:00,26843.9,127.62,125.81,0.95,0.95,-1.81,-1.42,Signal Exit
2023-09-29 21:28:00,26847.7,2023-09-30 00:41:00,26862.2,125.81,124.0,0.94,0.94,-1.81,-1.44,Signal Exit
2023-09-30 00:52:00,26864.9,2023-09-30 01:08:00,26869.7,124.0,122.18,0.92,0.92,-1.82,-1.47,Signal Exit
2023-09-30 01:11:00,26865.4,2023-09-30 01:22:00,26861.7,122.18,120.34,0.91,0.91,-1.84,-1.5,Signal Exit
2023-09-30 01:41:00,26843.1,2023-09-30 01:53:00,26848.8,120.34,118.58,0.9,0.9,-1.77,-1.47,Signal Exit
2023-09-30 02:00:00,26826.4,2023-09-30 02:18:00,26838.8,118.58,116.87,0.88,0.88,-1.71,-1.44,Signal Exit
2023-09-30 02:19:00,26840.4,2023-09-30 02:42:00,26846.5,116.87,115.15,0.87,0.87,-1.71,-1.47,Signal Exit
2023-09-30 02:47:00,26838.1,2023-09-30 02:48:00,26836.1,115.15,113.43,0.86,0.86,-1.72,-1.5,Signal Exit
2023-09-30 03:46:00,26836.1,2023-09-30 03:51:00,26851.8,113.43,111.81,0.84,0.84,-1.62,-1.43,Signal Exit
2023-09-30 11:34:00,26909.0,2023-09-30 11:36:00,26908.0,111.81,110.14,0.83,0.83,-1.67,-1.49,Signal Exit
2023-09-30 12:38:00,26908.4,2023-09-30 14:38:00,26931.5,110.14,108.59,0.82,0.82,-1.55,-1.4,Signal Exit
2023-09-30 14:39:00,26908.0,2023-09-30 14:53:00,26956.4,108.59,107.17,0.81,0.81,-1.42,-1.31,Signal Exit
2023-10-01 15:17:00,27078.3,2023-10-01 15:31:00,27093.6,107.17,105.63,0.8,0.8,-1.54,-1.43,Signal Exit
2023-10-01 15:33:00,27095.2,2023-10-01 15:34:00,27098.2,105.63,104.07,0.79,0.79,-1.56,-1.48,Signal Exit
2023-10-01 15:36:00,27094.9,2023-10-01 15:52:00,27108.0,104.07,102.57,0.77,0.78,-1.5,-1.44,Signal Exit
2023-10-01 16:24:00,27095.3,2023-10-01 16:25:00,27092.2,102.57,101.03,0.76,0.76,-1.54,-1.5,Signal Exit
2023-10-01 17:09:00,27094.4,2023-10-01 18:25:00,27058.3,101.03,99.39,0.75,0.75,-1.64,-1.62,Signal Exit
2023-10-01 18:31:00,27036.3,2023-10-01 18:34:00,27059.7,99.39,98.0,0.74,0.74,-1.4,-1.4,Signal Exit
2023-10-01 18:36:00,27059.3,2023-10-01 18:43:00,27056.9,98.0,96.53,0.73,0.73,-1.47,-1.5,Signal Exit
2023-10-01 18:45:00,27054.0,2023-10-01 22:09:00,27149.5,96.53,95.43,0.72,0.72,-1.1,-1.14,Signal Exit
2023-10-11 04:31:00,27080.5,2023-10-11 04:32:00,27079.7,95.43,94.01,0.71,0.71,-1.42,-1.49,Signal Exit
2023-10-11 04:51:00,27078.6,2023-10-11 04:56:00,27083.1,94.01,92.62,0.7,0.7,-1.38,-1.47,Signal Exit
2023-10-11 05:02:00,27079.1,2023-10-11 05:08:00,27050.5,92.62,91.15,0.69,0.69,-1.48,-1.59,Signal Exit
2023-10-11 06:23:00,27056.0,2023-10-11 06:34:00,27053.2,91.15,89.78,0.68,0.68,-1.37,-1.5,Signal Exit
2023-10-11 06:53:00,27037.0,2023-10-11 07:01:00,27044.4,89.78,88.47,0.67,0.67,-1.31,-1.46,Signal Exit
2023-10-11 12:17:00,27190.5,2023-10-11 12:57:00,27117.1,88.47,86.91,0.66,0.66,-1.55,-1.75,Signal Exit
2023-10-11 13:00:00,27135.6,2023-10-11 13:01:00,27142.2,86.91,85.64,0.65,0.65,-1.27,-1.46,Signal Exit
2023-10-11 13:02:00,27127.5,2023-10-11 13:05:00,27143.3,85.64,84.42,0.64,0.64,-1.23,-1.43,Signal Exit
2023-10-11 13:06:00,27129.3,2023-10-16 13:28:00,28859.1,84.42,88.46,0.63,0.67,4.05,4.79,Signal Exit
2023-10-16 13:35:00,28679.1,2023-10-16 13:36:00,28907.7,88.46,87.84,0.66,0.66,-0.62,-0.7,Signal Exit
2023-10-16 13:39:00,28826.2,2023-10-23 22:41:00,33371.2,87.84,100.17,0.65,0.76,12.34,14.04,Signal Exit
2023-10-23 23:10:00,32857.4,2023-10-23 23:16:00,33069.0,100.17,99.32,0.75,0.75,-0.86,-0.85,Signal Exit
2023-10-23 23:17:00,33004.3,2023-10-23 23:18:00,33067.1,99.32,98.03,0.74,0.74,-1.29,-1.3,Signal Exit
2023-10-23 23:21:00,33000.9,2023-10-23 23:22:00,33057.8,98.03,96.73,0.73,0.73,-1.29,-1.32,Signal Exit
2023-10-23 23:25:00,33047.1,2023-10-23 23:29:00,33045.6,96.73,95.29,0.72,0.72,-1.44,-1.49,Signal Exit
2023-10-23 23:30:00,33013.1,2023-10-24 00:00:00,33060.7,95.29,94.01,0.71,0.71,-1.28,-1.35,Signal Exit
2023-10-24 00:02:00,33007.1,2023-10-24 00:20:00,33055.1,94.01,92.74,0.7,0.7,-1.26,-1.35,Signal Exit
2023-10-24 15:39:00,33262.7,2023-10-24 15:40:00,33423.3,92.74,91.8,0.69,0.69,-0.94,-1.01,Signal Exit
2023-10-24 15:41:00,33343.7,2023-10-24 15:42:00,33511.2,91.8,90.89,0.68,0.69,-0.91,-0.99,Signal Exit
2023-10-24 18:06:00,33628.0,2023-10-24 18:07:00,33645.9,90.89,89.58,0.68,0.68,-1.31,-1.44,Signal Exit
2023-10-24 18:08:00,33602.7,2023-10-24 18:11:00,33627.2,89.58,88.31,0.67,0.67,-1.27,-1.42,Signal Exit
2023-10-24 18:13:00,33625.2,2023-10-24 18:16:00,33654.2,88.31,87.07,0.66,0.66,-1.24,-1.4,Signal Exit
2023-10-24 18:17:00,33563.5,2023-10-24 18:31:00,33558.1,87.07,85.76,0.65,0.65,-1.31,-1.5,Signal Exit
2023-10-24 21:37:00,33593.9,2023-10-24 21:43:00,33623.9,85.76,84.56,0.64,0.64,-1.2,-1.4,Signal Exit
2023-10-24 21:44:00,33600.5,2023-10-24 21:51:00,33709.0,84.56,83.57,0.63,0.63,-0.99,-1.17,Signal Exit
2023-10-27 17:07:00,33495.4,2023-10-27 17:13:00,33652.0,83.57,82.71,0.62,0.63,-0.86,-1.03,Signal Exit
2023-10-27 17:14:00,33609.8,2023-10-27 17:15:00,33679.1,82.71,81.65,0.62,0.62,-1.06,-1.29,Signal Exit
2023-10-27 17:18:00,33688.7,2023-10-28 05:11:00,34082.3,81.65,81.37,0.61,0.61,-0.28,-0.34,Signal Exit
2023-10-28 05:13:00,34074.4,2023-10-28 10:44:00,34040.1,81.37,80.08,0.61,0.61,-1.29,-1.59,Signal Exit
2023-10-31 16:09:00,34263.2,2023-10-31 16:10:00,34257.0,80.08,78.87,0.6,0.6,-1.21,-1.51,Signal Exit
2023-11-03 08:41:00,34312.7,2023-11-03 08:42:00,34387.8,78.87,77.87,0.59,0.59,-1.0,-1.27,Signal Exit
2023-11-03 08:47:00,34330.0,2023-11-03 08:49:00,34368.1,77.87,76.8,0.58,0.58,-1.07,-1.38,Signal Exit
2023-11-03 10:12:00,34153.0,2023-11-03 10:14:00,34142.9,76.8,75.63,0.57,0.57,-1.17,-1.52,Signal Exit
2023-11-03 10:15:00,34116.1,2023-11-03 10:21:00,34198.2,75.63,74.68,0.56,0.56,-0.95,-1.25,Signal Exit
2023-11-03 10:35:00,34116.1,2023-11-03 10:41:00,34174.3,74.68,73.7,0.56,0.56,-0.99,-1.32,Signal Exit
2023-11-03 11:00:00,34209.3,2023-11-03 11:01:00,34222.8,73.7,72.63,0.55,0.55,-1.07,-1.45,Signal Exit
2023-11-03 11:03:00,34237.6,2023-11-03 12:01:00,34182.3,72.63,71.43,0.54,0.54,-1.2,-1.65,Signal Exit
2023-11-03 12:02:00,34182.7,2023-11-03 12:27:00,34241.3,71.43,70.49,0.53,0.53,-0.94,-1.32,Signal Exit
2023-11-03 12:33:00,34279.0,2023-11-03 12:45:00,34335.2,70.49,69.55,0.52,0.53,-0.94,-1.33,Signal Exit
2023-11-03 12:46:00,34321.3,2023-11-03 12:48:00,34354.5,69.55,68.58,0.52,0.52,-0.97,-1.39,Signal Exit
2023-11-03 13:05:00,34389.8,2023-11-03 13:55:00,34492.4,68.58,67.76,0.51,0.51,-0.82,-1.19,Signal Exit
2023-11-03 14:06:00,34540.5,2023-11-03 14:22:00,34557.5,67.76,66.79,0.5,0.5,-0.98,-1.44,Signal Exit
2023-11-03 14:36:00,34617.3,2023-11-03 14:37:00,34648.6,66.79,65.85,0.5,0.5,-0.93,-1.4,Signal Exit
2023-11-03 16:32:00,34659.3,2023-11-03 18:26:00,34483.0,65.85,64.54,0.49,0.49,-1.31,-1.99,Signal Exit
2023-11-03 18:29:00,34552.1,2023-11-03 18:31:00,34567.7,64.54,63.61,0.48,0.48,-0.93,-1.44,Signal Exit
2023-11-03 18:37:00,34494.9,2023-11-08 20:03:00,35659.7,63.61,64.78,0.47,0.49,1.17,1.84,Signal Exit
2023-11-08 21:25:00,35441.0,2023-11-08 21:39:00,35433.0,64.78,63.8,0.48,0.48,-0.98,-1.51,Signal Exit
2023-11-08 21:40:00,35406.1,2023-11-08 21:45:00,35462.0,63.8,62.95,0.47,0.48,-0.85,-1.33,Signal Exit
2023-11-14 17:17:00,36097.8,2023-11-15 11:28:00,36103.6,62.95,62.02,0.47,0.47,-0.93,-1.47,Signal Exit
2023-11-15 11:31:00,36082.7,2023-11-15 11:32:00,36121.3,62.02,61.16,0.46,0.46,-0.86,-1.38,Signal Exit
2023-11-15 11:43:00,36197.3,2023-11-15 12:27:00,36281.3,61.16,60.39,0.46,0.46,-0.77,-1.26,Signal Exit
2023-11-15 12:30:00,36258.9,2023-11-15 15:37:00,36223.8,60.39,59.44,0.45,0.45,-0.96,-1.58,Signal Exit
2023-11-15 15:44:00,36229.0,2023-11-15 15:49:00,36342.0,59.44,58.73,0.44,0.44,-0.7,-1.18,Signal Exit
2023-11-15 16:11:00,36329.9,2023-11-15 16:43:00,36339.2,58.73,57.88,0.44,0.44,-0.86,-1.46,Signal Exit
2023-11-15 17:01:00,36319.8,2023-11-15 17:02:00,36308.7,57.88,57.0,0.43,0.43,-0.88,-1.52,Signal Exit
2023-11-15 17:03:00,36275.5,2023-11-15 17:35:00,36393.4,57.0,56.33,0.42,0.43,-0.67,-1.17,Signal Exit
2023-11-15 17:44:00,36349.1,2023-11-15 17:48:00,36397.7,56.33,55.57,0.42,0.42,-0.76,-1.36,Signal Exit
2023-11-17 14:38:00,36212.9,2023-11-17 17:03:00,36541.8,55.57,55.24,0.41,0.42,-0.33,-0.59,Signal Exit
2023-11-17 18:22:00,36364.3,2023-11-17 18:29:00,36385.6,55.24,54.44,0.41,0.41,-0.79,-1.43,Signal Exit
2023-11-17 19:42:00,36304.6,2023-11-17 19:50:00,36299.7,54.44,53.63,0.41,0.41,-0.82,-1.5,Signal Exit
2023-11-17 19:51:00,36306.2,2023-11-17 20:03:00,36324.1,53.63,52.85,0.4,0.4,-0.77,-1.44,Signal Exit
2023-11-18 03:23:00,36333.2,2023-11-18 03:24:00,36341.0,52.85,52.08,0.39,0.39,-0.78,-1.47,Signal Exit
2023-11-18 03:26:00,36326.4,2023-11-18 03:38:00,36345.0,52.08,51.33,0.39,0.39,-0.75,-1.44,Signal Exit
2023-11-18 03:40:00,36325.0,2023-11-18 03:46:00,36333.2,51.33,50.58,0.38,0.38,-0.75,-1.47,Signal Exit
2023-11-18 03:53:00,36327.8,2023-11-18 04:17:00,36373.2,50.58,49.89,0.38,0.38,-0.69,-1.37,Signal Exit
2023-11-18 04:21:00,36368.5,2023-11-18 04:22:00,36376.3,49.89,49.15,0.37,0.37,-0.73,-1.47,Signal Exit
2023-11-18 04:31:00,36351.5,2023-11-18 04:34:00,36336.3,49.15,48.4,0.37,0.37,-0.75,-1.53,Signal Exit
2023-11-18 04:39:00,36344.1,2023-11-18 04:40:00,36346.0,48.4,47.68,0.36,0.36,-0.72,-1.48,Signal Exit
2023-11-18 04:49:00,36355.4,2023-11-18 04:53:00,36368.3,47.68,46.99,0.35,0.36,-0.69,-1.45,Signal Exit
2023-11-18 04:54:00,36358.6,2023-11-18 06:56:00,36221.3,46.99,46.12,0.35,0.35,-0.87,-1.86,Signal Exit
2023-11-18 06:57:00,36221.1,2023-11-18 06:58:00,36217.3,46.12,45.42,0.34,0.34,-0.69,-1.5,Signal Exit
2023-11-18 06:59:00,36210.1,2023-11-18 07:00:00,36217.4,45.42,44.76,0.34,0.34,-0.67,-1.47,Signal Exit
2023-11-18 08:03:00,36353.5,2023-11-18 08:04:00,36363.3,44.76,44.1,0.33,0.33,-0.65,-1.46,Signal Exit
2023-11-19 08:41:00,36623.3,2023-11-19 08:51:00,36603.5,44.1,43.42,0.33,0.33,-0.68,-1.54,Signal Exit
2023-11-19 09:18:00,36573.0,2023-11-19 09:20:00,36594.4,43.42,42.8,0.32,0.32,-0.62,-1.43,Signal Exit
2023-11-19 09:22:00,36588.3,2023-11-19 09:29:00,36609.6,42.8,42.19,0.32,0.32,-0.61,-1.43,Signal Exit
2023-11-19 09:31:00,36604.9,2023-11-19 09:36:00,36621.0,42.19,41.58,0.31,0.31,-0.61,-1.45,Signal Exit
2023-11-19 09:41:00,36627.5,2023-11-19 09:44:00,36632.0,41.58,40.97,0.31,0.31,-0.61,-1.48,Signal Exit
2023-11-19 09:45:00,36635.4,2023-11-19 10:06:00,36589.4,40.97,40.3,0.3,0.3,-0.66,-1.61,Signal Exit
2023-11-19 10:08:00,36574.4,2023-11-19 16:20:00,36569.0,40.3,39.7,0.3,0.3,-0.61,-1.5,Signal Exit
2023-11-19 16:21:00,36565.7,2023-11-19 18:11:00,36588.9,39.7,39.13,0.3,0.3,-0.57,-1.43,Signal Exit
2023-11-21 23:55:00,35908.1,2023-11-22 00:07:00,35891.6,39.13,38.53,0.29,0.29,-0.6,-1.53,Signal Exit
2023-11-23 16:58:00,37050.1,2023-11-23 17:01:00,37055.6,38.53,37.96,0.29,0.29,-0.57,-1.47,Signal Exit
2023-11-23 19:04:00,37176.3,2023-11-23 19:07:00,37183.3,37.96,37.41,0.28,0.28,-0.56,-1.47,Signal Exit
2023-11-26 10:07:00,37715.3,2023-11-26 10:13:00,37707.0,37.41,36.84,0.28,0.28,-0.57,-1.51,Signal Exit
2023-11-26 11:03:00,37679.5,2023-11-26 11:13:00,37661.7,36.84,36.28,0.27,0.27,-0.57,-1.54,Signal Exit
2023-11-26 11:15:00,37669.4,2023-11-26 11:16:00,37676.1,36.28,35.74,0.27,0.27,-0.53,-1.47,Signal Exit
2023-11-26 11:17:00,37679.3,2023-11-26 11:19:00,37680.8,35.74,35.21,0.27,0.27,-0.53,-1.48,Signal Exit
2023-11-26 11:20:00,37685.3,2023-11-26 11:27:00,37675.2,35.21,34.68,0.26,0.26,-0.53,-1.52,Signal Exit
2023-11-26 12:22:00,37598.5,2023-11-26 20:52:00,37595.8,34.68,34.16,0.26,0.26,-0.52,-1.5,Signal Exit
2023-11-26 20:53:00,37563.0,2023-11-26 21:01:00,37578.2,34.16,33.66,0.25,0.25,-0.49,-1.45,Signal Exit
2023-11-26 21:02:00,37573.5,2023-11-26 21:35:00,37514.2,33.66,33.11,0.25,0.25,-0.55,-1.64,Signal Exit
2023-11-26 21:36:00,37510.5,2023-11-26 21:41:00,37523.9,33.11,32.63,0.25,0.25,-0.48,-1.45,Signal Exit
2023-11-26 23:00:00,37591.2,2023-12-05 15:34:00,42232.6,32.63,36.11,0.24,0.27,3.48,10.67,Signal Exit
2023-12-11 18:11:00,41000.1,2023-12-11 18:18:00,41097.5,36.11,35.66,0.27,0.27,-0.45,-1.25,Signal Exit
2023-12-11 18:20:00,41009.2,2023-12-11 21:08:00,41018.4,35.66,35.14,0.27,0.27,-0.52,-1.47,Signal Exit
2023-12-12 17:33:00,40813.0,2023-12-12 17:38:00,40880.4,35.14,34.67,0.26,0.26,-0.47,-1.33,Signal Exit
2023-12-12 17:46:00,40780.5,2023-12-12 18:06:00,40867.3,34.67,34.23,0.26,0.26,-0.44,-1.28,Signal Exit
2023-12-15 11:53:00,42735.5,2023-12-15 11:56:00,42743.4,34.23,33.72,0.25,0.25,-0.5,-1.47,Signal Exit
2023-12-15 11:57:00,42734.4,2023-12-15 12:00:00,42743.5,33.72,33.23,0.25,0.25,-0.49,-1.47,Signal Exit
2023-12-15 12:04:00,42684.1,2023-12-15 12:07:00,42673.6,33.23,32.72,0.25,0.25,-0.5,-1.51,Signal Exit
2023-12-15 12:12:00,42666.2,2023-12-15 12:18:00,42655.6,32.72,32.23,0.24,0.24,-0.5,-1.51,Signal Exit
2023-12-15 12:31:00,42717.1,2023-12-15 17:33:00,41978.7,32.23,31.2,0.24,0.24,-1.03,-3.19,Signal Exit
2023-12-15 17:34:00,42018.7,2023-12-15 22:48:00,42157.3,31.2,30.84,0.23,0.23,-0.36,-1.16,Signal Exit
2023-12-15 22:53:00,42047.7,2023-12-16 03:46:00,42252.2,30.84,30.53,0.23,0.23,-0.31,-1.01,Signal Exit
2023-12-16 04:02:00,42237.6,2023-12-16 13:51:00,42334.8,30.53,30.14,0.23,0.23,-0.39,-1.26,Signal Exit
2023-12-16 14:05:00,42324.0,2023-12-16 14:07:00,42365.8,30.14,29.72,0.22,0.22,-0.42,-1.39,Signal Exit
2023-12-16 14:13:00,42383.3,2023-12-16 15:33:00,42369.0,29.72,29.27,0.22,0.22,-0.45,-1.52,Signal Exit
2023-12-16 18:05:00,42402.6,2023-12-16 18:08:00,42408.0,29.27,28.84,0.22,0.22,-0.43,-1.48,Signal Exit
2023-12-16 19:27:00,42367.3,2023-12-18 10:36:00,40550.1,28.84,27.19,0.21,0.21,-1.65,-5.71,Stop-Loss
2023-12-18 10:37:00,40512.5,2023-12-18 21:45:00,42471.5,27.19,28.08,0.2,0.21,0.89,3.27,Signal Exit
2023-12-18 22:04:00,42442.0,2023-12-18 22:11:00,42622.8,28.08,27.78,0.21,0.21,-0.3,-1.07,Signal Exit
2023-12-18 22:30:00,42444.8,2023-12-18 23:00:00,42546.3,27.78,27.43,0.21,0.21,-0.35,-1.25,Signal Exit
2023-12-19 14:50:00,42328.6,2023-12-19 14:56:00,42328.7,27.43,27.02,0.2,0.2,-0.41,-1.49,Signal Exit
2023-12-19 15:00:00,42271.9,2023-12-19 15:03:00,42355.0,27.02,26.67,0.2,0.2,-0.35,-1.3,Signal Exit
2023-12-19 17:05:00,42114.6,2023-12-19 18:00:00,41808.9,26.67,26.09,0.2,0.2,-0.59,-2.2,Signal Exit
2023-12-19 20:35:00,42130.5,2023-12-19 20:37:00,42161.3,26.09,25.72,0.19,0.19,-0.37,-1.42,Signal Exit
2023-12-19 20:39:00,42146.7,2023-12-19 21:22:00,42296.0,25.72,25.42,0.19,0.19,-0.29,-1.14,Signal Exit
2023-12-19 21:28:00,42307.9,2023-12-19 21:29:00,42322.8,25.42,25.05,0.19,0.19,-0.37,-1.45,Signal Exit
2023-12-19 21:36:00,42310.6,2023-12-19 21:38:00,42334.3,25.05,24.69,0.19,0.19,-0.36,-1.43,Signal Exit
2023-12-19 22:06:00,42299.0,2023-12-19 22:07:00,42326.2,24.69,24.34,0.18,0.18,-0.35,-1.43,Signal Exit
2023-12-19 22:42:00,42220.1,2023-12-19 22:45:00,42234.2,24.34,23.99,0.18,0.18,-0.35,-1.46,Signal Exit
2023-12-19 23:27:00,42225.7,2023-12-19 23:28:00,42229.1,23.99,23.63,0.18,0.18,-0.36,-1.48,Signal Exit
2023-12-19 23:44:00,42185.1,2023-12-19 23:46:00,42218.9,23.63,23.3,0.18,0.18,-0.33,-1.41,Signal Exit
